Book Id,Title,Author,Author l-f,Additional Authors,ISBN,ISBN13,My Rating,Average Rating,Publisher,Binding,Number of Pages,Year Published,Original Publication Year,Date Read,Date Added,Bookshelves,Bookshelves with positions,Exclusive Shelf,My Review,Spoiler,Private Notes,Read Count,Recommended For,Recommended By,Owned Copies,Original Purchase Date,Original Purchase Location,Condition,Condition Description,BCID
37514257,Letters to a Young Mormon,Adam S. Miller,"Miller, Adam S.",,"=""""","=""""",0,4.53,Deseret Book Company,Kindle Edition,112,2018,,,2020/08/25,to-read,to-read (#117),to-read,,,,0,,,0,,,,,
33021688,The Color of Law: A Forgotten History of How Our Government Segregated America,Richard Rothstein,"Rothstein, Richard",,"=""""","=""""",0,4.47,Liveright,Kindle Edition,368,2017,2017,,2020/08/25,to-read,to-read (#116),to-read,,,,0,,,0,,,,,
38746485,Becoming,Michelle Obama,"Obama, Michelle",,"=""""","=""""",0,4.54,Crown,Hardcover,426,2018,2018,,2019/12/31,"nonfiction, currently-reading","nonfiction (#29), currently-reading (#8)",currently-reading,,,,1,,,0,,,,,
18114309,Eleven Rings: The Soul of Success,Phil Jackson,"Jackson, Phil",Hugh Delehanty,"=""0143125346""","=""9780143125341""",3,4.13,Penguin Books,Paperback,370,2014,2013,2020/03/12,2020/02/24,,,read,,,,1,,,0,,,,,
41817481,Underland,Robert Macfarlane,"Macfarlane, Robert",,"=""0393242145""","=""9780393242140""",3,4.24,W.W. Norton & Company,Hardcover,496,2019,2019,2020/08/19,2020/02/21,nonfiction,nonfiction (#1),read,,,,1,,,0,,,,,
39736241,A Plague of Giants,Kevin Hearne,"Hearne, Kevin",,"=""0345548620""","=""9780345548627""",5,4.05,Del Rey Books,Paperback,768,2018,2017,2018/10/17,2019/01/05,currently-reading,currently-reading (#7),currently-reading,,,,3,,,0,,,,,
15808621,"The Wise Man's Fear (The Kingkiller Chronicle, #2)",Patrick Rothfuss,"Rothfuss, Patrick",,"=""0756407915""","=""9780756407919""",5,4.57,DAW,Mass Market Paperback,1107,2013,2011,2020/08/16,2019/01/05,,,read,,,,2,,,0,,,,,
22297138,"The Novice (Summoner, #1)",Taran Matharu,"Matharu, Taran",,"=""""","=""""",0,4.12,Feiwel and Friends,Kindle Edition,398,2015,2015,,2020/08/14,to-read,to-read (#115),to-read,,,,0,,,0,,,,,
52085903,The Beginner's Guide to Stoicism: Tools for Emotional Resilience and Positivity,Matthew Van Natta,"Natta, Matthew Van",,"=""""","=""""",0,4.25,Althea Press,Kindle Edition,,2019,2019,,2020/08/14,to-read,to-read (#114),to-read,,,,0,,,0,,,,,
29895117,"Worst. President. Ever.: James Buchanan, the POTUS Rating Game, and the Legacy of the Least of the Lesser Presidents",Robert Strauss,"Strauss, Robert",,"=""1493024833""","=""9781493024834""",0,3.45,Lyons Press,Hardcover,304,2016,2016,,2020/08/14,to-read,to-read (#113),to-read,,,,0,,,0,,,,,
1629968,Flight of the crippled eagle,Donna Marie Shaffer,"Shaffer, Donna Marie",,"=""1573452955""","=""9781573452953""",0,4.10,Deseret Book Co.,Paperback,232,1997,1997,,2020/08/13,to-read,to-read (#112),to-read,,,,0,,,0,,,,,
27833494,Dark Money: The Hidden History of the Billionaires Behind the Rise of the Radical Right,Jane Mayer,"Mayer, Jane",,"=""""","=""""",0,4.32,Doubleday,ebook,464,2016,2016,,2020/08/11,currently-reading,currently-reading (#6),currently-reading,,,,1,,,0,,,,,
4069,Man's Search for Meaning,Viktor E. Frankl,"Frankl, Viktor E.","Harold S. Kushner, William J. Winslade, Isle Lasch","=""080701429X""","=""9780807014295""",4,4.36,Beacon Press,Paperback,165,2006,1946,2018/01/01,2018/03/08,,,read,,,,1,,,0,,,,,
2612,The Tipping Point: How Little Things Can Make a Big Difference,Malcolm Gladwell,"Gladwell, Malcolm",,"=""0316346624""","=""9780316346627""",4,3.97,Back Bay Books,Paperback,301,2002,2000,2019/09/20,2019/09/20,,,read,,,,1,,,0,,,,,
25845201,"The Guns of Empire (The Shadow Campaigns, #4)",Django Wexler,"Wexler, Django",,"=""""","=""""",0,4.29,Roc ,Hardcover,480,2016,2016,,2020/08/06,to-read,to-read (#111),to-read,,,,0,,,0,,,,,
23346335,"The Price of Valour (The Shadow Campaigns, #3)",Django Wexler,"Wexler, Django",,"=""0091950562""","=""9780091950569""",0,4.25,Del Rey,Hardcover,528,2015,2015,,2020/08/06,to-read,to-read (#110),to-read,,,,0,,,0,,,,,
6194,Waiting for the Barbarians,J.M. Coetzee,"Coetzee, J.M.",,"=""0140283358""","=""9780140283358""",0,3.94,Penguin Books,Paperback,152,1999,1980,,2020/08/06,to-read,to-read (#109),to-read,,,,0,,,0,,,,,
26345891,The 6th Extinction: An Unnatural History,Elizabeth Kolbert,"Kolbert, Elizabeth",,"=""1680650351""","=""9781680650358""",3,4.13,Perfection Learning,Paperback,319,2015,2014,2020/08/06,2020/07/30,,,read,,,,1,,,0,,,,,
2495567,"The Name of the Wind (The Kingkiller Chronicle, #1)",Patrick Rothfuss,"Rothfuss, Patrick",,"=""0756404746""","=""9780756404741""",5,4.45,DAW,Mass Market Paperback,722,2008,,2020/08/06,2020/07/31,,,read,,,,2,,,0,,,,,
38819868,"My Sister, the Serial Killer",Oyinkan Braithwaite,"Braithwaite, Oyinkan",,"=""0385544235""","=""9780385544238""",0,3.74,Doubleday Books,Hardcover,226,2018,2017,,2020/08/03,to-read,to-read (#108),to-read,,,,0,,,0,,,,,
31409135,The Radium Girls: The Dark Story of America's Shining Women,Kate  Moore,"Moore, Kate",,"=""149264935X""","=""9781492649359""",0,4.15,Sourcebooks,Hardcover,479,2017,2017,,2020/07/30,to-read,to-read (#107),to-read,,,,0,,,0,,,,,
40538657,The Island of Sea Women,Lisa See,"See, Lisa",,"=""""","=""""",0,4.25,Scribner,Hardcover,374,2019,2019,,2020/07/30,to-read,to-read (#106),to-read,,,,0,,,0,,,,,
51184692,A Star Is Bored,Byron Lane,"Lane, Byron",,"=""1250266483""","=""9781250266484""",0,3.88,Henry Holt and Co.,ebook,,2020,2020,,2020/07/30,to-read,to-read (#105),to-read,,,,0,,,0,,,,,
43615,The Gunslinger,Stephen King,"King, Stephen",,"=""""","=""""",3,3.95,Plume,Paperback,231,2003,1982,2020/07/30,2020/07/29,,,read,,,,1,,,0,,,,,
30759083,"The Spider Network: The Wild Story of a Math Genius, a Gang of Backstabbing Bankers, and One of the Greatest Scams in Financial History",David Enrich,"Enrich, David",,"=""0753557495""","=""9780753557495""",5,4.06,Custom House/Harper Collins,Hardcover,384,2017,2017,2020/07/27,2020/07/16,,,read,,,,1,,,0,,,,,
6681454,Caught,Harlan Coben,"Coben, Harlan",,"=""052595158X""","=""9780525951582""",3,3.98,Dutton,Hardcover,388,2010,2010,2020/07/25,2020/07/24,,,read,,,,1,,,0,,,,,
41637836,"The Subtle Knife  (His Dark Materials, #2)",Philip Pullman,"Pullman, Philip",,"=""""","=""""",3,4.13,RHCP Digital,Kindle Edition,370,2018,1997,2020/01/21,2020/01/14,,,read,,,,1,,,0,,,,,
29588376,"The Lies of Locke Lamora (Gentleman Bastard, #1)",Scott Lynch,"Lynch, Scott",,"=""""","=""""",5,4.29,Spectra,Kindle Edition,752,2006,2006,2020/01/02,2020/01/02,,,read,,,,1,,,0,,,,,
18122,"The Amber Spyglass  (His Dark Materials, #3)",Philip Pullman,"Pullman, Philip",,"=""0440238153""","=""9780440238157""",5,4.09,Laurel Leaf,Mass Market Paperback,467,2003,2000,2020/07/23,2020/02/18,,,read,,,,1,,,0,,,,,
30165203,"American Gods (American Gods, #1)",Neil Gaiman,"Gaiman, Neil",,"=""""","=""""",4,4.11,William Morrow,Kindle Edition,635,2011,2001,2020/07/12,2019/12/31,,,read,,,,1,,,0,,,,,
34227719,"Basketball (and Other Things): A Collection of Questions Asked, Answered, Illustrated",Shea Serrano,"Serrano, Shea","Arturo Torres, Reggie Miller","=""1419726471""","=""9781419726477""",5,4.41,Harry N. Abrams,Paperback,240,2017,2017,2020/07/02,2020/06/22,,,read,,,,1,,,0,,,,,
1202,Freakonomics: A Rogue Economist Explores the Hidden Side of Everything,Steven D. Levitt,"Levitt, Steven D.",Stephen J. Dubner,"=""0061234001""","=""9780061234002""",4,3.98,William Morrow,Hardcover,320,2006,2005,2020/06/23,2020/03/04,,,read,,,,1,,,0,,,,,
455373,Sphere,Michael Crichton,"Crichton, Michael",,"=""""","=""""",0,3.80,Ballantine Books,Paperback,371,1997,1987,,2020/06/23,to-read,to-read (#104),to-read,,,,0,,,0,,,,,
5759,Fight Club,Chuck Palahniuk,"Palahniuk, Chuck",,"=""0393327345""","=""9780393327342""",5,4.19,W.W. Norton & Company (NYC),Paperback,218,2005,1996,2020/06/18,2020/02/24,,,read,,,,1,,,0,,,,,
18045891,Sharp Objects,Gillian Flynn,"Flynn, Gillian",,"=""""","=""""",4,3.97,Broadway Paperbacks,Paperback,254,2006,2006,2020/06/15,2020/06/15,,,read,,,,1,,,0,,,,,
49761405,The Big Finish,Brooke Fossey,"Fossey, Brooke",,"=""1984804936""","=""9781984804938""",0,3.79,Berkley,Hardcover,336,2020,2020,,2020/05/11,to-read,to-read (#103),to-read,,,,0,,,0,,,,,
45047384,The House in the Cerulean Sea,T.J. Klune,"Klune, T.J.",,"=""""","=""""",0,4.56,Tor Books,Kindle Edition,393,2020,2020,,2020/05/11,to-read,to-read (#102),to-read,,,,0,,,0,,,,,
51045613,Deacon King Kong,James   McBride,"McBride, James",,"=""073521672X""","=""9780735216723""",0,4.23,Riverhead Books,Hardcover,371,2020,2020,,2020/05/11,to-read,to-read (#101),to-read,,,,0,,,0,,,,,
49960031,"Wow, No Thank You.",Samantha Irby,"Irby, Samantha",,"=""0525563482""","=""9780525563488""",0,4.00,Vintage,Paperback,336,2020,2020,,2020/05/11,to-read,to-read (#100),to-read,,,,0,,,0,,,,,
52129515,Untamed,Glennon Doyle,"Doyle, Glennon",Glennon Doyle Melton,"=""1984801252""","=""9781984801258""",0,4.19,The Dial Press,Hardcover,352,2020,2020,,2020/05/11,to-read,to-read (#99),to-read,,,,0,,,0,,,,,
22608582,13 Hours: The Inside Account of What Really Happened In Benghazi,Mitchell Zuckoff,"Zuckoff, Mitchell",,"=""1455530093""","=""9781455530090""",5,4.29,Twelve,Hardcover,432,2014,2014,2020/05/11,2020/04/24,,,read,,,,1,,,0,,,,,
1894,Under the Banner of Heaven: A Story of Violent Faith,Jon Krakauer,"Krakauer, Jon",,"=""1400032806""","=""9781400032808""",0,4.00,Anchor Books,Paperback,399,2003,2003,,2020/05/11,to-read,to-read (#98),to-read,,,,0,,,0,,,,,
37570546,"Maybe You Should Talk to Someone: A Therapist, Her Therapist, and Our Lives Revealed",Lori Gottlieb,"Gottlieb, Lori",,"=""1328662055""","=""9781328662057""",0,4.37,Houghton Mifflin Harcourt,Hardcover,415,2019,2019,,2020/04/24,to-read,to-read (#97),to-read,,,,0,,,0,,,,,
52698452,The Book of Longings,Sue Monk Kidd,"Kidd, Sue Monk",,"=""052542976X""","=""9780525429760""",0,4.30,Viking,Hardcover,416,2020,2020,,2020/04/24,to-read,to-read (#96),to-read,,,,0,,,0,,,,,
20342617,Just Mercy: A Story of Justice and Redemption,Bryan Stevenson,"Stevenson, Bryan",,"=""0812994523""","=""9780812994520""",5,4.60,Spiegel & Grau,Hardcover,336,2014,2014,2020/04/24,2019/12/31,nonfiction,nonfiction (#27),read,,,,1,,,0,,,,,
4813,1421: The Year China Discovered America,Gavin Menzies,"Menzies, Gavin",,"=""006054094X""","=""9780060540944""",0,3.60,Harper Perennial (NYC),Paperback,650,2004,2002,,2020/04/17,to-read,to-read (#95),to-read,,,,0,,,0,,,,,
518848,"Sabriel (Abhorsen,  #1)",Garth Nix,"Nix, Garth",,"=""0064471837""","=""9780064471831""",0,4.16,Harper Collins,Mass Market Paperback,491,1996,1995,,2020/04/15,currently-reading,currently-reading (#5),currently-reading,,,,1,,,0,,,,,
53011908,"Catch and Kill: Lies, Spies, and a Conspiracy to Protect Predators",Ronan Farrow,"Farrow, Ronan",,"=""0316486639""","=""9780316486637""",0,4.46,"Little, Brown and Company",Hardcover,448,2019,2019,,2020/02/13,to-read,to-read (#63),to-read,,,,0,,,0,,,,,
3227063,"The Way of Shadows (Night Angel, #1)",Brent Weeks,"Weeks, Brent",,"=""0316033677""","=""9780316033671""",0,4.15,Orbit,Mass Market Paperback,645,2008,2008,,2020/04/02,to-read,to-read (#94),to-read,,,,0,,,0,,,,,
944073,"The Blade Itself (The First Law, #1)",Joe Abercrombie,"Abercrombie, Joe",,"=""0575079797""","=""9780575079793""",0,4.17,Gollancz,Paperback,515,2007,2006,,2020/04/02,to-read,to-read (#93),to-read,,,,0,,,0,,,,,
17910048,"The Goblin Emperor (The Goblin Emperor, #1)",Katherine Addison,"Addison, Katherine",,"=""076532699X""","=""9780765326997""",0,4.04,Tor Books,Hardcover,446,2014,2014,,2020/04/02,to-read,to-read (#92),to-read,,,,0,,,0,,,,,
176261,Those Who Hunt the Night (James Asher #1),Barbara Hambly,"Hambly, Barbara",,"=""0345361326""","=""9780345361325""",0,3.85,Del Rey,Mass Market Paperback,350,1990,1988,,2020/04/02,to-read,to-read (#91),to-read,,,,0,,,0,,,,,
29127,"The Last Unicorn (The Last Unicorn, #1)",Peter S. Beagle,"Beagle, Peter S.",,"=""0451450523""","=""9780451450524""",0,4.17,Penguin Roc,Paperback,294,2008,1968,,2020/04/02,to-read,to-read (#90),to-read,,,,0,,,0,,,,,
257333,The Golden Key,Melanie Rawn,"Rawn, Melanie","Kate Elliott, Jennifer Roberson","=""0886777461""","=""9780886777463""",0,3.82,DAW,Paperback,893,1997,1996,,2020/04/02,to-read,to-read (#89),to-read,,,,0,,,0,,,,,
8520610,Quiet: The Power of Introverts in a World That Can't Stop Talking,Susan Cain,"Cain, Susan",,"=""0307352145""","=""9780307352149""",0,4.06,"Crown Publishing Group/Random House, Inc.",Hardcover,333,2012,2012,,2020/04/02,currently-reading,currently-reading (#4),currently-reading,,,,1,,,0,,,,,
4865,How to Win Friends and Influence People,Dale Carnegie,"Carnegie, Dale",,"=""""","=""""",4,4.20,Gallery Books,Paperback,288,1998,1936,2020/04/01,2019/12/31,nonfiction,nonfiction (#26),read,,,,1,,,0,,,,,
104089,Tigana,Guy Gavriel Kay,"Kay, Guy Gavriel",,"=""0451457765""","=""9780451457769""",0,4.09,Roc,Paperback,676,1999,1990,,2020/03/31,to-read,to-read (#88),to-read,,,,0,,,0,,,,,
12497,No Country for Old Men,Cormac McCarthy,"McCarthy, Cormac",,"=""0375706674""","=""9780375706677""",0,4.11,Vintage,Paperback,309,2006,2005,,2019/12/31,currently-reading,currently-reading (#3),currently-reading,,,,1,,,0,,,,,
33396914,"Assassin's Quest (Farseer Trilogy, #3)",Robin Hobb,"Hobb, Robin",,"=""""","=""""",3,4.18,Spectra,Kindle Edition,757,2002,1997,2020/03/30,2020/03/12,,,read,,,,1,,,0,,,,,
7445,The Glass Castle,Jeannette Walls,"Walls, Jeannette",,"=""074324754X""","=""9780743247542""",5,4.28,Scribner,Paperback,288,2006,2005,2020/03/06,2019/12/31,,,read,,,,1,,,0,,,,,
6088007,"Neuromancer (Sprawl, #1)",William Gibson,"Gibson, William",,"=""""","=""""",0,3.90,Ace,Kindle Edition,292,2000,1984,,2020/03/03,currently-reading,currently-reading (#2),currently-reading,,,,1,,,0,,,,,
2890090,"The Republic of Thieves (Gentleman Bastard, #3)",Scott Lynch,"Lynch, Scott",,"=""0553804693""","=""9780553804690""",5,4.22,Del Rey,Hardcover,650,2013,2013,2020/03/01,2020/02/23,,,read,,,,1,,,0,,,,,
28385685,Free the Darkness (King's Dark Tidings #1),Kel Kade,"Kade, Kel",,"=""""","=""""",0,4.26,Kel Kade,Kindle Edition,483,2015,2015,,2020/02/28,to-read,to-read (#87),to-read,,,,0,,,0,,,,,
40121985,How to Hide an Empire: A History of the Greater United States,Daniel Immerwahr,"Immerwahr, Daniel",,"=""0374172145""","=""9780374172145""",0,4.46,"Farrar, Straus and Giroux",Hardcover,513,2019,2019,,2020/02/25,to-read,to-read (#86),to-read,,,,0,,,0,,,,,
37486540,"Dopesick: Dealers, Doctors, and the Drug Company that Addicted America",Beth Macy,"Macy, Beth",,"=""0316523178""","=""9780316523172""",0,4.11,"Little, Brown and Company",Hardcover,384,2018,2018,,2020/02/25,to-read,to-read (#85),to-read,,,,0,,,0,,,,,
11468377,"Thinking, Fast and Slow",Daniel Kahneman,"Kahneman, Daniel",,"=""0374275637""","=""9780374275631""",0,4.16,"Farrar, Straus and Giroux",Hardcover,499,2011,2011,,2020/02/24,currently-reading,currently-reading (#1),currently-reading,,,,1,,,0,,,,,
34684622,Leonardo da Vinci,Walter Isaacson,"Isaacson, Walter",,"=""1501139150""","=""9781501139154""",3,4.17,Simon & Schuster,Hardcover,600,2017,2017,2020/02/25,2019/05/15,,,read,,,,1,,,0,,,,,
35959740,Circe,Madeline Miller,"Miller, Madeline",,"=""0316556343""","=""9780316556347""",0,4.27,"Little, Brown and Company",Hardcover,393,2018,2018,,2020/02/24,to-read,to-read (#84),to-read,,,,0,,,0,,,,,
119035,Pistol: The Life of Pete Maravich,Mark Kriegel,"Kriegel, Mark",,"=""0743284976""","=""9780743284974""",0,4.08,Free Press,Hardcover,381,2007,2007,,2020/02/24,to-read,to-read (#83),to-read,,,,0,,,0,,,,,
9791,A Walk in the Woods: Rediscovering America on the Appalachian Trail,Bill Bryson,"Bryson, Bill",,"=""0307279464""","=""9780307279460""",0,4.06,Anchor Books,Mass Market Paperback,397,2006,1998,,2020/02/24,to-read,to-read (#82),to-read,,,,0,,,0,,,,,
40121378,Atomic Habits: An Easy & Proven Way to Build Good Habits & Break Bad Ones,James Clear,"Clear, James",,"=""""","=""""",0,4.35,Avery,Kindle Edition,319,2018,2018,,2020/02/24,to-read,to-read (#81),to-read,,,,0,,,0,,,,,
16299,And Then There Were None,Agatha Christie,"Christie, Agatha",,"=""0312330871""","=""9780312330873""",4,4.26,St. Martin's Press,Paperback,264,2004,1939,2020/02/23,2020/01/23,,,read,,,,1,,,0,,,,,
44144248,Lost and Found,Orson Scott Card,"Card, Orson Scott",,"=""1982613416""","=""9781982613419""",4,4.05,Blackstone Publishers,Hardcover,281,2019,2019,2020/02/23,2020/01/30,,,read,,,,1,,,0,,,,,
43886050,Music: A Subversive History,Ted Gioia,"Gioia, Ted",,"=""1541644360""","=""9781541644366""",0,3.81,"Basic Books/Hachette Book Group, Inc.",Hardcover,528,2019,2019,,2020/01/02,"to-read, nonfiction","to-read (#32), nonfiction (#31)",to-read,,,,0,,,0,,,,,
40163119,Say Nothing: A True Story of Murder and Memory in Northern Ireland,Patrick Radden Keefe,"Keefe, Patrick Radden",,"=""0385521316""","=""9780385521314""",0,4.42,Doubleday,Hardcover,441,2019,2018,,2020/01/02,"to-read, nonfiction","to-read (#33), nonfiction (#30)",to-read,,,,0,,,0,,,,,
464260,The Fire Next Time,James Baldwin,"Baldwin, James",,"=""067974472X""","=""9780679744726""",0,4.51,Vintage,Paperback,106,1993,1963,,2019/12/31,"to-read, nonfiction","to-read (#29), nonfiction (#28)",to-read,,,,0,,,0,,,,,
30659,Meditations,Marcus Aurelius,"Aurelius, Marcus","Albert Wittstock, Martin Hammond, Diskin Clay","=""0140449337""","=""9780140449334""",0,4.23,Penguin Books,Paperback,303,2006,180,,2019/12/31,"to-read, nonfiction","to-read (#21), nonfiction (#25)",to-read,,,,0,,,0,,,,,
36415807,Bruce Lee: A Life,Matthew Polly,"Polly, Matthew",,"=""1501187627""","=""9781501187629""",0,4.39,Simon  Schuster,Hardcover,656,2018,2018,,2020/01/15,"to-read, nonfiction","to-read (#53), nonfiction (#24)",to-read,,,,0,,,0,,,,,
18656827,"Hatching Twitter: A True Story of Money, Power, Friendship, and Betrayal",Nick Bilton,"Bilton, Nick",,"=""1591846013""","=""9781591846017""",0,4.03,Portfolio Hardcover,Hardcover,299,2013,2013,,2020/01/15,"to-read, nonfiction","to-read (#52), nonfiction (#23)",to-read,,,,0,,,0,,,,,
79195,"Brainiac: Adventures in the Curious, Competitive, Compulsive World of Trivia Buffs",Ken Jennings,"Jennings, Ken",,"=""1400064457""","=""9781400064458""",0,3.90,Villard,Hardcover,288,2006,2006,,2020/01/15,"to-read, nonfiction","to-read (#51), nonfiction (#22)",to-read,,,,0,,,0,,,,,
10631,Sam Walton: Made In America,Sam Walton,"Walton, Sam",John Huey,"=""0553562835""","=""9780553562835""",0,4.16,Bantam,Paperback,346,1993,1992,,2020/01/07,"to-read, nonfiction","to-read (#47), nonfiction (#21)",to-read,,,,0,,,0,,,,,
13425570,How Will You Measure Your Life?,Clayton M. Christensen,"Christensen, Clayton M.","James Allworth, Karen Dillon","=""0062102427""","=""9780062102423""",0,4.08,Harper Business,ebook,240,2012,2012,,2020/01/02,"to-read, nonfiction","to-read (#43), nonfiction (#20)",to-read,,,,0,,,0,,,,,
13588394,The Signal and the Noise: Why So Many Predictions Fail - But Some Don't,Nate Silver,"Silver, Nate",,"=""159420411X""","=""9781594204111""",0,3.97,Penguin,Hardcover,534,2012,2012,,2020/01/02,"to-read, nonfiction","to-read (#42), nonfiction (#19)",to-read,,,,0,,,0,,,,,
41735103,"Meander, Spiral, Explode: Design and Pattern in Narrative",Jane Alison,"Alison, Jane",,"=""1948226138""","=""9781948226134""",0,4.14,Catapult,Paperback,272,2019,2019,,2020/01/02,"to-read, nonfiction","to-read (#40), nonfiction (#18)",to-read,,,,0,,,0,,,,,
33401357,EEG,Daša Drndić,"Drndić, Daša",,"=""""","=""""",0,4.13,Fraktura,,415,2016,2016,,2020/01/02,"to-read, nonfiction","to-read (#39), nonfiction (#17)",to-read,,,,0,,,0,,,,,
44767249,She Said: Breaking the Sexual Harassment Story That Helped Ignite a Movement,Jodi Kantor,"Kantor, Jodi",Megan Twohey,"=""0525560343""","=""9780525560340""",0,4.39,Penguin Press,Hardcover,310,2019,2019,,2020/01/02,"to-read, nonfiction","to-read (#38), nonfiction (#16)",to-read,,,,0,,,0,,,,,
28686959,Based on a True Story,Norm Macdonald,"Macdonald, Norm",,"=""0812993624""","=""9780812993622""",0,3.94,Spiegel & Grau,Hardcover,240,2016,2016,,2020/01/21,"to-read, nonfiction","to-read (#59), nonfiction (#15)",to-read,,,,0,,,0,,,,,
32622193,A Little History of Economics,Niall Kishtainy,"Kishtainy, Niall",,"=""0300206364""","=""9780300206364""",0,4.09,Yale University Press,Hardcover,256,2017,2017,,2020/01/28,"to-read, nonfiction","to-read (#60), nonfiction (#14)",to-read,,,,0,,,0,,,,,
40230101,The Mamba Mentality: How I Play,Kobe Bryant,"Bryant, Kobe","Phil Jackson, Andrew D. Bernstein, Pau Gasol","=""0374201234""","=""9780374201234""",0,4.25,Farrar Straus Giroux,Hardcover,208,2020,,,2020/01/30,"to-read, nonfiction","to-read (#61), nonfiction (#13)",to-read,,,,0,,,0,,,,,
10502301,"Maphead: Charting the Wide, Weird World of Geography Wonks",Ken Jennings,"Jennings, Ken",,"=""1439167176""","=""9781439167175""",0,3.86,Scribner,Hardcover,276,2011,2011,,2020/02/13,"to-read, nonfiction","to-read (#62), nonfiction (#12)",to-read,,,,0,,,0,,,,,
40637475,The Soul of a Team: A Modern-Day Fable for Winning Teamwork,Tony Dungy,"Dungy, Tony",Nathan Whitaker,"=""1496413768""","=""9781496413765""",0,4.27,Tyndale Momentum,Hardcover,256,2019,,,2020/02/17,"to-read, nonfiction","to-read (#64), nonfiction (#11)",to-read,,,,0,,,0,,,,,
26240788,John Quincy Adams: Militant Spirit,James Traub,"Traub, James",,"=""0465028276""","=""9780465028276""",0,4.37,Basic Books,Hardcover,640,2016,2016,,2020/02/17,"to-read, nonfiction","to-read (#65), nonfiction (#10)",to-read,,,,0,,,0,,,,,
29540318,Year of Yes,Shonda Rhimes,"Rhimes, Shonda",,"=""1471157326""","=""9781471157325""",0,4.07,Simon & Schuster Ltd,Paperback,352,2016,2015,,2020/02/18,"to-read, nonfiction","to-read (#69), nonfiction (#9)",to-read,,,,0,,,0,,,,,
7170627,The Emperor of All Maladies: A Biography of Cancer,Siddhartha Mukherjee,"Mukherjee, Siddhartha",,"=""""","=""""",0,4.30,Scribner,Hardcover,571,2010,2010,,2020/02/19,"to-read, nonfiction","to-read (#70), nonfiction (#8)",to-read,,,,0,,,0,,,,,
41571753,Open Book,Jessica Simpson,"Simpson, Jessica",Kevin Carr O'Leary,"=""0062899961""","=""9780062899965""",0,4.14,Dey Street Books,Hardcover,416,2020,2020,,2020/02/21,"to-read, nonfiction","to-read (#72), nonfiction (#7)",to-read,,,,0,,,0,,,,,
25241317,Black Flags: The Rise of ISIS,Joby Warrick,"Warrick, Joby",,"=""0385538227""","=""9780385538220""",0,4.35,Doubleday,ebook,368,2015,2016,,2020/02/21,"to-read, nonfiction","to-read (#75), nonfiction (#6)",to-read,,,,0,,,0,,,,,
17910054,The Sixth Extinction: An Unnatural History,Elizabeth Kolbert,"Kolbert, Elizabeth",,"=""0805092994""","=""9780805092998""",0,4.13,Henry Holt and Co. (Georg von Holtzbrinck),Hardcover,336,2014,2014,,2020/02/21,"to-read, nonfiction","to-read (#76), nonfiction (#5)",to-read,,,,0,,,0,,,,,
13707734,The Swerve: How the World Became Modern,Stephen Greenblatt,"Greenblatt, Stephen",,"=""0393343405""","=""9780393343403""",0,3.84,W. W. Norton  Company,Paperback,356,2012,2011,,2020/02/21,"to-read, nonfiction","to-read (#78), nonfiction (#4)",to-read,,,,0,,,0,,,,,
71984,"Ghost Wars: The Secret History of the CIA, Afghanistan, and Bin Laden from the Soviet Invasion to September 10, 2001",Steve Coll,"Coll, Steve",,"=""0143034669""","=""9780143034667""",0,4.31,Penguin Books (London),Paperback,712,2004,2004,,2020/02/21,"to-read, nonfiction","to-read (#79), nonfiction (#3)",to-read,,,,0,,,0,,,,,
6572270,Bloodlands: Europe Between Hitler and Stalin,Timothy Snyder,"Snyder, Timothy",,"=""0465002390""","=""9780465002399""",0,4.36,Basic Books,Hardcover,524,2010,2010,,2020/02/21,"to-read, nonfiction","to-read (#80), nonfiction (#2)",to-read,,,,0,,,0,,,,,
15798109,Toms River: A Story of Science and Salvation,Dan Fagin,"Fagin, Dan",,"=""055380653X""","=""9780553806533""",0,4.08,Bantam,Hardcover,560,2013,2013,,2020/02/21,to-read,to-read (#77),to-read,,,,0,,,0,,,,,
1972,Den of Thieves,James B. Stewart,"Stewart, James B.",,"=""067179227X""","=""9780671792275""",0,4.17,Simon  Schuster,Paperback,592,1992,1991,,2020/02/21,to-read,to-read (#74),to-read,,,,0,,,0,,,,,
40611463,The Clan of the Cave Bear,Jean M. Auel,"Auel, Jean M.",,"=""""","=""""",0,4.05,Bantam ,Kindle Edition,516,2016,1980,,2020/02/21,to-read,to-read (#73),to-read,,,,0,,,0,,,,,
34273236,Little Fires Everywhere,Celeste Ng,"Ng, Celeste",,"=""0735224293""","=""9780735224292""",0,4.10,Penguin Press,Hardcover,338,2017,2017,,2020/02/21,to-read,to-read (#71),to-read,,,,0,,,0,,,,,
21,A Short History of Nearly Everything,Bill Bryson,"Bryson, Bill",,"=""076790818X""","=""9780767908184""",4,4.20,Broadway Books,Paperback,544,2004,2003,2020/02/21,2019/12/13,,,read,,,,1,,,0,,,,,
27213329,Grit: The Power of Passion and Perseverance,Angela Duckworth,"Duckworth, Angela",,"=""1443442313""","=""9781443442312""",5,4.09,Collins,Hardcover,277,2016,2016,2020/02/18,2020/01/08,,,read,,,,1,,,0,,,,,
46041442,The Adventurer's Son,Roman Dial,"Dial, Roman",,"=""0062876600""","=""9780062876607""",0,3.94,William Morrow,Hardcover,368,2020,2020,,2020/02/18,to-read,to-read (#68),to-read,,,,0,,,0,,,,,
44492399,The Other Mrs.,Mary Kubica,"Kubica, Mary",,"=""0778369110""","=""9780778369110""",0,3.73,Park Row,Hardcover,368,2020,2020,,2020/02/18,to-read,to-read (#67),to-read,,,,0,,,0,,,,,
40597810,Daisy Jones & The Six,Taylor Jenkins Reid,"Reid, Taylor Jenkins",,"=""1524798622""","=""9781524798628""",0,4.20,Ballantine Books,Hardcover,355,2019,2019,,2020/02/17,to-read,to-read (#66),to-read,,,,0,,,0,,,,,
40604556,"Red Seas Under Red Skies (Gentleman Bastard, #2)",Scott Lynch,"Lynch, Scott",,"=""""","=""""",5,4.24,Del Rey,Kindle Edition,578,2018,2007,2020/02/17,2020/02/10,,,read,,,,1,,,0,,,,,
25489012,The Road to Little Dribbling: Adventures of an American in Britain,Bill Bryson,"Bryson, Bill",,"=""0385539282""","=""9780385539289""",3,3.70,Doubleday,Hardcover,380,2016,2015,2020/02/12,2020/01/31,,,read,,,,1,,,0,,,,,
43982054,The Water Dancer,Ta-Nehisi Coates,"Coates, Ta-Nehisi",,"=""0399590595""","=""9780399590597""",5,4.08,One World,Hardcover,403,2019,2019,2020/02/08,2020/01/23,,,read,,,,1,,,0,,,,,
42769202,"Starsight (Skyward, #2)",Brandon Sanderson,"Sanderson, Brandon",,"=""1473217903""","=""9781473217904""",5,4.45,Orion Publishing Co,Paperback,461,2019,2019,2020/01/31,2020/01/26,,,read,,,,1,,,0,,,,,
16141924,Dad Is Fat,Jim Gaffigan,"Gaffigan, Jim",,"=""0385349068""","=""9780385349062""",5,3.78,Crown Archetype,ebook,288,2013,2013,2020/01/31,2018/02/18,,,read,,,,1,,,0,,,,,
38743564,"Billion Dollar Whale: The Man Who Fooled Wall Street, Hollywood, and the World",Tom         Wright,"Wright, Tom",Bradley Hope,"=""031643650X""","=""9780316436502""",5,4.05,Hachette Books,Hardcover,400,2018,2018,2020/01/28,2020/01/02,,,read,,,,1,,,0,,,,,
11607,The Running Man,Richard Bachman,"Bachman, Richard",Stephen King,"=""0451197968""","=""9780451197962""",0,3.87,Signet,Paperback,317,1999,1982,,2020/01/17,to-read,to-read (#58),to-read,,,,0,,,0,,,,,
39796904,My Lovely Wife,Samantha  Downing,"Downing, Samantha",,"=""""","=""""",0,3.88,Berkley Books,Hardcover,390,2019,2019,,2020/01/16,to-read,to-read (#57),to-read,,,,0,,,0,,,,,
44767458,"Dune (Dune, #1)",Frank Herbert,"Herbert, Frank",,"=""059309932X""","=""9780593099322""",0,4.23,Ace Books,Hardcover,661,2019,1965,,2020/01/16,to-read,to-read (#56),to-read,,,,0,,,0,,,,,
19668,"Without Remorse (John Clark, #1; Jack Ryan Universe Publication Order #6)",Tom Clancy,"Clancy, Tom",,"=""0425143325""","=""9780425143322""",0,4.17,Berkley Books,Paperback,750,1994,1993,,2020/01/16,to-read,to-read (#55),to-read,,,,0,,,0,,,,,
36124936,The Outsider,Stephen King,"King, Stephen",,"=""1501180983""","=""9781501180989""",0,3.98,Scribner,Hardcover,561,2018,2018,,2020/01/16,to-read,to-read (#54),to-read,,,,0,,,0,,,,,
19161852,"The Fifth Season (The Broken Earth, #1)",N.K. Jemisin,"Jemisin, N.K.",,"=""""","=""""",3,4.29,Orbit,Paperback,468,2015,2015,2020/01/12,2020/01/12,,,read,,,,1,,,0,,,,,
4122,Built to Last: Successful Habits of Visionary Companies,James C. Collins,"Collins, James C.",Jerry I. Porras,"=""0060566108""","=""9780060566104""",4,4.01,Harper Business,Hardcover,368,2004,1994,2020/01/08,2020/01/02,,,read,,,,1,,,0,,,,,
1842,"Guns, Germs, and Steel: The Fates of Human Societies",Jared Diamond,"Diamond, Jared",,"=""0739467352""","=""9780739467350""",0,4.03,W.W. Norton & Company,Paperback,425,2005,1997,,2020/01/08,to-read,to-read (#50),to-read,,,,0,,,0,,,,,
781182,Barbarians at the Gate: The Fall of RJR Nabisco,Bryan Burrough,"Burrough, Bryan",John Helyar,"=""0060536357""","=""9780060536350""",0,4.25,HarperBus,Paperback,592,2005,1990,,2020/01/08,to-read,to-read (#49),to-read,,,,0,,,0,,,,,
33954,The Spook Who Sat by the Door,Sam Greenlee,"Greenlee, Sam",,"=""1930097271""","=""9781930097278""",0,4.38,Lushena Books,Paperback,256,2014,1969,,2020/01/07,to-read,to-read (#48),to-read,,,,0,,,0,,,,,
40139205,The Divers' Game,Jesse Ball,"Ball, Jesse",,"=""0062676113""","=""9780062676115""",0,3.51,Ecco,ebook,240,2019,2019,,2020/01/02,to-read,to-read (#46),to-read,,,,0,,,0,,,,,
43682552,How We Fight For Our Lives,Saeed Jones,"Jones, Saeed",,"=""1501132733""","=""9781501132735""",0,4.28,Simon and Schuster,Hardcover,192,2019,2019,,2020/01/02,to-read,to-read (#45),to-read,,,,0,,,0,,,,,
4981,Slaughterhouse-Five,Kurt Vonnegut Jr.,"Jr., Kurt Vonnegut",,"=""0385333846""","=""9780385333849""",0,4.07,Dial Press,Paperback,275,1999,1969,,2020/01/02,to-read,to-read (#44),to-read,,,,0,,,0,,,,,
36576608,Flowers for Algernon,Daniel Keyes,"Keyes, Daniel",,"=""""","=""""",0,4.14,,,216,,1966,,2020/01/02,to-read,to-read (#41),to-read,,,,0,,,0,,,,,
40245130,Lost Children Archive,Valeria Luiselli,"Luiselli, Valeria",,"=""0525520619""","=""9780525520610""",0,3.85,Knopf Publishing Group,Hardcover,385,2019,2019,,2020/01/02,to-read,to-read (#37),to-read,,,,0,,,0,,,,,
43565369,The Topeka School,Ben Lerner,"Lerner, Ben",,"=""0374277788""","=""9780374277789""",0,3.55,"Farrar, Straus and Giroux",Hardcover,282,2019,2019,,2020/01/02,to-read,to-read (#36),to-read,,,,0,,,0,,,,,
43256597,Night Boat to Tangier,Kevin Barry,"Barry, Kevin",,"=""0385540310""","=""9780385540315""",0,3.71,Doubleday,Hardcover,224,2019,2019,,2020/01/02,to-read,to-read (#35),to-read,,,,0,,,0,,,,,
40046059,Trust Exercise,Susan Choi,"Choi, Susan",,"=""1250309883""","=""9781250309884""",0,3.14,Henry Holt & Company,Hardcover,257,2019,2019,,2020/01/02,to-read,to-read (#34),to-read,,,,0,,,0,,,,,
40060700,The Old Drift,Namwali Serpell,"Serpell, Namwali",,"=""1781090491""","=""9781781090497""",0,3.76,Hogarth,Hardcover,576,2019,2019,,2020/01/02,to-read,to-read (#31),to-read,,,,0,,,0,,,,,
394535,"Blood Meridian, or the Evening Redness in the West",Cormac McCarthy,"McCarthy, Cormac",,"=""""","=""""",0,4.17,Vintage Books,Paperback,351,1992,1985,,2019/12/31,to-read,to-read (#30),to-read,,,,0,,,0,,,,,
2570856,"Monster Hunter International (Monster Hunter International, #1)",Larry Correia,"Correia, Larry",,"=""0741444569""","=""9780741444561""",0,4.05,Infinity Publishing,Paperback,457,2009,2009,,2019/12/31,to-read,to-read (#28),to-read,,,,0,,,0,,,,,
21853621,The Nightingale,Kristin Hannah,"Hannah, Kristin",,"=""0312577222""","=""9780312577223""",0,4.58,St. Martin's Press,Hardcover,440,2015,2015,,2019/12/31,to-read,to-read (#27),to-read,,,,0,,,0,,,,,
25489134,"The Bear and the Nightingale (Winternight Trilogy, #1)",Katherine Arden,"Arden, Katherine",,"=""1101885939""","=""9781101885932""",0,4.11,Del Rey Books,Hardcover,323,2017,2017,,2019/12/31,to-read,to-read (#26),to-read,,,,0,,,0,,,,,
128029,A Thousand Splendid Suns,Khaled Hosseini,"Hosseini, Khaled",,"=""1594489505""","=""9781594489501""",0,4.38,Riverhead Books,Hardcover,372,2007,2007,,2019/12/31,to-read,to-read (#25),to-read,,,,0,,,0,,,,,
13496,"A Game of Thrones (A Song of Ice and Fire, #1)",George R.R. Martin,"Martin, George R.R.",,"=""0553588486""","=""9780553588484""",0,4.45,Bantam,Mass Market Paperback,835,2005,1996,,2019/12/31,to-read,to-read (#24),to-read,,,,0,,,0,,,,,
15783514,The Ocean at the End of the Lane,Neil Gaiman,"Gaiman, Neil",,"=""0062255657""","=""9780062255655""",0,4.00,William Morrow Books,Hardcover,181,2013,2013,,2019/12/31,to-read,to-read (#23),to-read,,,,0,,,0,,,,,
9361589,The Night Circus,Erin Morgenstern,"Morgenstern, Erin",,"=""0385534639""","=""9780385534635""",0,4.04,Doubleday,Hardcover,391,2011,2011,,2019/12/31,to-read,to-read (#22),to-read,,,,0,,,0,,,,,
21787,The Princess Bride,William Goldman,"Goldman, William",,"=""0345418263""","=""9780345418265""",0,4.26,Ballantine Books,Paperback,456,2003,1973,,2019/12/31,to-read,to-read (#20),to-read,,,,0,,,0,,,,,
18143977,All the Light We Cannot See,Anthony Doerr,"Doerr, Anthony",,"=""1476746583""","=""9781476746586""",0,4.33,Scribner,Hardcover,531,2014,2014,,2019/12/31,to-read,to-read (#19),to-read,,,,0,,,0,,,,,
19063,The Book Thief,Markus Zusak,"Zusak, Markus",,"=""0375831002""","=""9780375831003""",0,4.37,Alfred A. Knopf,Hardcover,552,2006,2005,,2019/12/31,to-read,to-read (#18),to-read,,,,0,,,0,,,,,
85431,"Friday Night Lights: A Town, a Team, and a Dream",H.G. Bissinger,"Bissinger, H.G.",,"=""0306814250""","=""9780306814259""",2,4.13,Da Capo Press,Mass Market Paperback,357,2004,1988,2019/12/21,2019/12/21,,,read,,,,1,,,0,,,,,
44781614,Run Away,Harlan Coben,"Coben, Harlan",,"=""1780894260""","=""9781780894263""",4,4.05,Century,Paperback,384,2019,2019,2019/12/17,2019/12/17,,,read,,,,1,,,0,,,,,
13588356,"Daring Greatly: How the Courage to Be Vulnerable Transforms the Way We Live, Love, Parent, and Lead",Brené Brown,"Brown, Brené",,"=""1592407331""","=""9781592407330""",5,4.27,Avery,Hardcover,287,2012,2012,,2019/12/10,,,read,,,,1,,,0,,,,,
119322,"The Golden Compass (His Dark Materials, #1)",Philip Pullman,"Pullman, Philip",,"=""0679879242""","=""9780679879244""",4,3.99,Alfred A. Knopf Books for Young Readers,Hardcover,399,1996,1995,2019/12/10,2019/12/10,,,read,,,,1,,,0,,,,,
34565022,Braving the Wilderness: The Quest for True Belonging and the Courage to Stand Alone,Brené Brown,"Brown, Brené",,"=""0812995848""","=""9780812995848""",5,4.15,Random House,Hardcover,208,2017,2017,2019/11/25,2019/11/25,,,read,,,,1,,,0,,,,,
56627,Stumbling on Happiness,Daniel Todd Gilbert,"Gilbert, Daniel Todd",,"=""1400077427""","=""9781400077427""",2,3.83,Vintage,Paperback,263,2007,2006,2019/11/14,2019/11/13,,,read,,,,1,,,0,,,,,
6516450,What the Dog Saw and Other Adventures,Malcolm Gladwell,"Gladwell, Malcolm",,"=""0316078573""","=""9780316078573""",3,3.85,"Little, Brown and Company",Hardcover,444,2009,2009,2019/11/13,2019/11/13,,,read,,,,1,,,0,,,,,
25300956,"Royal Assassin (Farseer Trilogy, #2)",Robin Hobb,"Hobb, Robin",,"=""""","=""""",5,4.23,Spectra,Kindle Edition,675,2002,1996,2019/11/13,2019/11/13,,,read,,,,1,,,0,,,,,
44002888,Reckoning of Fallen Gods,R.A. Salvatore,"Salvatore, R.A.",,"=""0765395320""","=""9780765395320""",4,4.09,Tor Books,Paperback,427,2019,2019,2019/10/21,2019/10/21,,,read,,,,1,,,0,,,,,
43848929,Talking to Strangers: What We Should Know About the People We Don’t Know,Malcolm Gladwell,"Gladwell, Malcolm",,"=""0316478520""","=""9780316478526""",5,4.04,"Little, Brown and Company",Hardcover,388,2019,2019,2019/10/18,2019/10/18,,,read,,,,1,,,0,,,,,
6480781,Open,Andre Agassi,"Agassi, Andre",J.R. Moehringer,"=""0307268195""","=""9780307268198""",5,4.26,Knopf,Hardcover,388,2009,2009,2019/10/11,2019/10/11,,,read,,,,1,,,0,,,,,
26109394,Fool Me Once,Harlan Coben,"Coben, Harlan",,"=""0525955097""","=""9780525955092""",5,3.93,Dutton,Hardcover,387,2016,2016,2019/09/23,2019/09/23,,,read,,,,1,,,0,,,,,
23437156,"Six of Crows (Six of Crows, #1)",Leigh Bardugo,"Bardugo, Leigh",,"=""1627792120""","=""9781627792127""",4,4.44,Henry Holt and Company,Hardcover,465,2015,2015,2019/09/20,2019/09/20,,,read,,,,1,,,0,,,,,
37976541,Bad Blood: Secrets and Lies in a Silicon Valley Startup,John Carreyrou,"Carreyrou, John",,"=""152473165X""","=""9781524731656""",5,4.43,Knopf Publishing Group,Hardcover,339,2018,2018,2019/09/17,2019/09/17,,,read,,,,1,,,0,,,,,
35018912,"Child of a Mad God (Coven, #1)",R.A. Salvatore,"Salvatore, R.A.",,"=""0765395274""","=""9780765395276""",4,3.84,Tor Books,Hardcover,496,2018,2018,,2019/09/07,,,read,,,,1,,,0,,,,,
2744,"Anansi Boys (American Gods, #2)",Neil Gaiman,"Gaiman, Neil",,"=""0060515198""","=""9780060515195""",3,4.03,HarperCollins HarperTorch,Mass Market Paperback,387,2006,2005,2019/08/22,2019/06/29,,,read,,,,1,,,0,,,,,
31920777,American Kingpin: The Epic Hunt for the Criminal Mastermind Behind the Silk Road,Nick Bilton,"Bilton, Nick",,"=""1591848148""","=""9781591848141""",5,4.34,Portfolio,Hardcover,328,2017,2017,2019/07/02,2019/06/28,,,read,,,,1,,,0,,,,,
77197,"Assassin's Apprentice (Farseer Trilogy, #1)",Robin Hobb,"Hobb, Robin",,"=""055357339X""","=""9780553573398""",5,4.16,Spectra Books,Mass Market Paperback,435,1996,1995,2019/06/26,2019/06/26,,,read,,,,1,,,0,,,,,
35133922,Educated,Tara Westover,"Westover, Tara",,"=""0399590501""","=""9780399590504""",5,4.47,Random House,Hardcover,334,2018,2018,2019/06/25,2019/06/03,,,read,,,,1,,,0,,,,,
18657632,"The Shadow Throne (The Shadow Campaigns, #2)",Django Wexler,"Wexler, Django",,"=""0091950589""","=""9780091950583""",4,4.12,Del Rey,Hardcover,512,2014,2014,2019/06/15,2019/06/06,,,read,,,,1,,,0,,,,,
21926865,The Accidental Superpower: The Next Generation of American Preeminence and the Coming Global Disorder,Peter Zeihan,"Zeihan, Peter",,"=""1455583669""","=""9781455583669""",5,4.36,Twelve,Hardcover,384,2014,2014,2019/06/08,2019/06/01,,,read,,,,1,,,0,,,,,
25852784,Evicted: Poverty and Profit in the American City,Matthew Desmond,"Desmond, Matthew",,"=""0553447432""","=""9780553447439""",4,4.47,Crown Publishers,Hardcover,418,2016,2016,2019/06/03,2019/04/29,,,read,,,,1,,,0,,,,,
16101128,"The 5th Wave (The 5th Wave, #1)",Rick Yancey,"Yancey, Rick",,"=""0399162410""","=""9780399162411""",5,4.05,G.P. Putnam's Sons Books for Young Readers,Hardcover,457,2013,2013,2019/06/01,2018/02/18,,,read,,,,1,,,0,,,,,
17383917,The Screwtape Letters,C.S. Lewis,"Lewis, C.S.",,"=""0062023179""","=""9780062023179""",2,4.23,HarperOne,Hardcover,223,2013,1942,2019/05/29,2019/05/22,,,read,,,,1,,,0,,,,,
15810910,"The Thousand Names (The Shadow Campaigns, #1)",Django Wexler,"Wexler, Django",,"=""0451465105""","=""9780451465108""",4,4.04,Roc,Hardcover,513,2013,2013,2019/05/28,2018/03/21,,,read,,,,1,,,0,,,,,
35134233,Like Brothers,Mark Duplass,"Duplass, Mark","Jay Duplass, Mindy Kaling","=""052552617X""","=""9780525526179""",5,4.07,Random House Audio Publishing Group,Audio CD,,2018,2018,2019/05/17,2019/05/11,,,read,,,,1,,,0,,,,,
16158542,The Boys in the Boat: Nine Americans and Their Epic Quest for Gold at the 1936 Berlin Olympics,Daniel James Brown,"Brown, Daniel James",,"=""067002581X""","=""9780670025817""",4,4.36,Viking,Hardcover,404,2013,2013,2019/05/14,2019/05/08,,,read,,,,1,,,0,,,,,
28595941,Arcanum Unbounded: The Cosmere Collection,Brandon Sanderson,"Sanderson, Brandon",,"=""0765391163""","=""9780765391162""",4,4.51,Tor Books,Hardcover,672,2016,2016,2019/05/11,2019/04/29,,,read,,,,1,,,0,,,,,
30312855,"The Last Magician (The Last Magician, #1)",Lisa   Maxwell,"Maxwell, Lisa",,"=""1481432079""","=""9781481432078""",3,4.07,Simon Pulse,Hardcover,500,2017,2017,2019/04/29,2019/04/15,,,read,,,,1,,,0,,,,,
39507318,The Library Book,Susan Orlean,"Orlean, Susan",,"=""1476740186""","=""9781476740188""",1,3.91,Simon & Schuster,Hardcover,317,2018,2018,2019/04/25,2019/04/15,,,read,,,,1,,,0,,,,,
27220736,Shoe Dog: A Memoir by the Creator of NIKE,Phil Knight,"Knight, Phil",,"=""1501135910""","=""9781501135910""",5,4.49,Scribner,Hardcover,400,2016,2016,2019/04/11,2019/04/03,,,read,,,,1,,,0,,,,,
19103097,"The Magician's Land (The Magicians, #3)",Lev Grossman,"Grossman, Lev",,"=""""","=""""",5,4.15,Plume,Kindle Edition,402,2014,2014,2019/04/10,2019/04/06,,,read,,,,1,,,0,,,,,
18966806,"Morning Star (Red Rising Saga, #3)",Pierce Brown,"Brown, Pierce",,"=""0345539842""","=""9780345539847""",5,4.49,Del Rey,Hardcover,524,2016,2016,2019/04/06,2019/03/25,,,read,,,,1,,,0,,,,,
23848559,Furiously Happy: A Funny Book About Horrible Things,Jenny  Lawson,"Lawson, Jenny",,"=""1250077001""","=""9781250077004""",5,3.91,Flatiron Books,Hardcover,329,2015,2015,2019/03/27,2019/03/25,,,read,,,,1,,,0,,,,,
10079321,"The Magician King (The Magicians, #2)",Lev Grossman,"Grossman, Lev",,"=""043402080X""","=""9780434020805""",5,3.92,William Heinemann,Paperback,400,2011,2011,2019/03/23,2019/03/18,,,read,,,,1,,,0,,,,,
35068432,I'll Be Gone in the Dark: One Woman's Obsessive Search for the Golden State Killer,Michelle McNamara,"McNamara, Michelle","Gillian Flynn, Patton Oswalt","=""0062319809""","=""9780062319807""",4,4.13,Harper,ebook,352,2018,2018,2019/03/22,2019/03/18,,,read,,,,1,,,0,,,,,
16130,Alexander Hamilton,Ron Chernow,"Chernow, Ron",,"=""""","=""""",4,4.22,Penguin Books,Paperback,818,2005,2004,2019/03/17,2019/03/06,,,read,,,,1,,,0,,,,,
36642458,"Skyward (Skyward, #1)",Brandon Sanderson,"Sanderson, Brandon",,"=""""","=""""",5,4.53,Gollancz,Hardcover,513,2018,2018,2019/03/13,2019/03/09,,,read,,,,1,,,0,,,,,
31421117,Tears We Cannot Stop: A Sermon to White America,Michael Eric Dyson,"Dyson, Michael Eric",,"=""1250135990""","=""9781250135995""",2,4.31,St. Martin's Press,Hardcover,228,2017,2017,2019/03/12,2019/03/09,,,read,,,,1,,,0,,,,,
6101718,"The Magicians (The Magicians, #1)",Lev Grossman,"Grossman, Lev",,"=""0670020559""","=""9780670020553""",5,3.51,Viking,Hardcover,402,2009,2009,2019/03/07,2019/03/06,,,read,,,,1,,,0,,,,,
36064445,Skin in the Game: The Hidden Asymmetries in Daily Life,Nassim Nicholas Taleb,"Taleb, Nassim Nicholas",,"=""0241300657""","=""9780241300657""",3,3.87,Allen Lane,Paperback,272,2018,2018,2019/03/07,2019/03/06,,,read,,,,1,,,0,,,,,
18007564,The Martian,Andy Weir,"Weir, Andy",,"=""0804139024""","=""9780804139021""",5,4.40,Crown,Hardcover,384,2014,2012,2019/03/01,2018/02/18,,,read,,,,1,,,0,,,,,
18966819,"Golden Son (Red Rising Saga, #2)",Pierce Brown,"Brown, Pierce",,"=""0345539826""","=""9780345539823""",5,4.44,Del Rey,ebook,430,2015,2015,,2019/02/26,,,read,,,,1,,,0,,,,,
20910157,Yes Please,Amy Poehler,"Poehler, Amy",,"=""0062268341""","=""9780062268341""",5,3.83,Dey St.,Hardcover,329,2014,2014,,2018/02/18,,,read,,,,1,,,0,,,,,
323355,The Book of Mormon: Another Testament of Jesus Christ,Joseph Smith Jr.,"Jr., Joseph Smith",,"=""0967686563""","=""9780967686561""",5,4.35,The Church of Jesus Christ of Latter-day Saints,Paperback,531,2013,1830,,2019/02/25,,,read,,,,1,,,0,,,,,
2199,Team of Rivals: The Political Genius of Abraham Lincoln,Doris Kearns Goodwin,"Goodwin, Doris Kearns",,"=""0743270754""","=""9780743270755""",4,4.28,Simon & Schuster,Paperback,916,2006,2005,,2019/02/23,,,read,,,,1,,,0,,,,,
7108001,"Abraham Lincoln: Vampire Hunter (Abraham Lincoln: Vampire Hunter, #1)",Seth Grahame-Smith,"Grahame-Smith, Seth",,"=""0446563080""","=""9780446563086""",3,3.70,Grand Central Publishing,Hardcover,336,2010,2010,2019/02/21,2019/01/31,,,read,,,,1,,,0,,,,,
21413662,What If? Serious Scientific Answers to Absurd Hypothetical Questions,Randall Munroe,"Munroe, Randall",,"=""0544272994""","=""9780544272996""",5,4.15,Houghton Mifflin Harcourt,Hardcover,303,2014,2014,,2019/02/18,,,read,,,,1,,,0,,,,,
33296669,The Cadaver King and the Country Dentist: A True Story of Injustice in the American South,Radley Balko,"Balko, Radley","Tucker Carrington, John Grisham","=""161039691X""","=""9781610396912""",5,4.02,PublicAffairs,Hardcover,391,2018,2018,,2019/02/17,,,read,,,,1,,,0,,,,,
14201,Jonathan Strange & Mr Norrell,Susanna Clarke,"Clarke, Susanna",,"=""""","=""""",4,3.82,Tor Books,Paperback,1006,2006,2004,,2019/02/11,,,read,,,,1,,,0,,,,,
243145,Codex,Lev Grossman,"Grossman, Lev",,"=""015602859X""","=""9780156028592""",5,3.02,Mariner Books,Paperback,348,2005,2004,,2019/02/11,,,read,,,,1,,,0,,,,,
39832183,The Guernsey Literary and Potato Peel Pie Society,Mary Ann Shaffer,"Shaffer, Mary Ann",Annie Barrows,"=""1984801813""","=""9781984801814""",5,4.17,Dial Press,Paperback,291,2018,2008,,2019/01/31,,,read,,,,2,,,0,,,,,
13536649,"Trapped (The Iron Druid Chronicles, #5)",Kevin Hearne,"Hearne, Kevin",,"=""034553364X""","=""9780345533647""",5,4.27,Del Rey,Mass Market Paperback,290,2012,2012,2018/06/14,2019/01/05,,,read,,,,1,,,0,,,,,
16280678,"Shattered (The Iron Druid Chronicles, #7)",Kevin Hearne,"Hearne, Kevin",,"=""0345548485""","=""9780345548481""",5,4.28,Del Rey,Hardcover,352,2014,2014,2018/10/01,2019/01/05,,,read,,,,1,,,0,,,,,
526061,Walt Disney: An American Original,Bob Thomas,"Thomas, Bob",Walt Disney Company,"=""0786861290""","=""9780786861293""",2,4.31,Disney Editions,Hardcover,379,1994,1976,,2019/01/05,,,read,,,,1,,,0,,,,,
15839976,"Red Rising (Red Rising Saga, #1)",Pierce Brown,"Brown, Pierce",,"=""0345539788""","=""9780345539786""",5,4.26,Del Rey (Random House),Hardcover,382,2014,2014,,2019/01/05,,,read,,,,1,,,0,,,,,
15703770,"The Runaway King (The Ascendance Series, #2)",Jennifer A. Nielsen,"Nielsen, Jennifer A.",,"=""0545284155""","=""9780545284158""",4,4.23,Scholastic Press,Hardcover,331,2013,2013,,2019/01/05,,,read,,,,1,,,0,,,,,
4452257,The Book of Basketball: The NBA According to The Sports Guy,Bill Simmons,"Simmons, Bill",,"=""034551176X""","=""9780345511768""",4,4.18,ESPN,Hardcover,736,2009,2009,,2019/01/05,,,read,,,,1,,,0,,,,,
186074,"The Name of the Wind (The Kingkiller Chronicle, #1)",Patrick Rothfuss,"Rothfuss, Patrick",,"=""075640407X""","=""9780756404079""",5,4.54,Penguin Group DAW,Hardcover,662,2007,2007,,2019/01/05,,,read,,,,1,,,0,,,,,
16071748,"Hunted (The Iron Druid Chronicles, #6)",Kevin Hearne,"Hearne, Kevin",,"=""0345533631""","=""9780345533630""",5,4.29,Del Rey,Mass Market Paperback,384,2013,2013,2018/07/02,2019/01/05,,,read,,,,1,,,0,,,,,
16280689,"Staked (The Iron Druid Chronicles, #8)",Kevin Hearne,"Hearne, Kevin",,"=""0345548515""","=""9780345548511""",5,4.24,Del Rey,Hardcover,310,2016,2016,2018/06/06,2019/01/05,,,read,,,,1,,,0,,,,,
12700306,"Tricked (The Iron Druid Chronicles, #4)",Kevin Hearne,"Hearne, Kevin",,"=""0345533623""","=""9780345533623""",5,4.25,Random House Publishing Group,Mass Market Paperback,341,2012,2012,2018/08/07,2019/01/05,,,read,,,,1,,,0,,,,,
13152,"The Angel Experiment (Maximum Ride, #1)",James Patterson,"Patterson, James",,"=""0446617792""","=""9780446617796""",3,4.07,Grand Central Publishing,Mass Market Paperback,445,2006,2005,2018/12/06,2019/01/05,,,read,,,,1,,,0,,,,,
16280691,"Scourged (The Iron Druid Chronicles, #9)",Kevin Hearne,"Hearne, Kevin",,"=""034554854X""","=""9780345548542""",5,3.98,Del Rey,Hardcover,268,2018,2018,2018/06/09,2019/01/05,,,read,,,,2,,,0,,,,,
6424171,"Jurassic Park (Jurassic Park, #1)",Michael Crichton,"Crichton, Michael",,"=""0345370775""","=""9780345370778""",5,4.03,Ballantine Books,Mass Market Paperback,400,1991,1990,,2018/02/18,,,read,,,,1,,,0,,,,,
149267,The Stand,Stephen King,"King, Stephen",Bernie Wrightson,"=""0385199570""","=""9780385199575""",5,4.34,Doubleday Books,Hardcover,1153,1990,1978,,2018/03/21,,,read,,,,1,,,0,,,,,
6900,Tuesdays with Morrie,Mitch Albom,"Albom, Mitch",,"=""0751529818""","=""9780751529814""",5,4.11,Warner,Paperback,210,2000,1997,,2018/03/21,,,read,,,,1,,,0,,,,,
7144,Crime and Punishment,Fyodor Dostoyevsky,"Dostoyevsky, Fyodor","فيودور دوستويفسكي, Σωτήρης Πατατζής, David McDuff, ادوارد ابو حمرا","=""0143058142""","=""9780143058144""",0,4.22,Penguin,Paperback,671,2002,1866,,2018/03/21,to-read,to-read (#17),to-read,,,,0,,,0,,,,,
865,The Alchemist,Paulo Coelho,"Coelho, Paulo",Alan R. Clarke,"=""0061122416""","=""9780061122415""",5,3.87,HarperCollins,Paperback,197,1993,1988,,2018/03/21,,,read,,,,1,,,0,,,,,
5297,The Picture of Dorian Gray,Oscar Wilde,"Wilde, Oscar",Jeffrey Eugenides,"=""""","=""""",0,4.08,Random House: Modern Library,Paperback,272,2004,1890,,2018/03/21,to-read,to-read (#16),to-read,,,,0,,,0,,,,,
1617,"Night  (The Night Trilogy, #1)",Elie Wiesel,"Wiesel, Elie","Marion Wiesel, François Mauriac","=""""","=""""",0,4.34,Hill & Wang,Paperback,115,2006,1956,,2018/03/21,to-read,to-read (#15),to-read,,,,0,,,0,,,,,
7933650,The Catcher in the Rye,J.D. Salinger,"Salinger, J.D.",,"=""0241950430""","=""9780241950432""",3,3.81,Penguin,Paperback,230,2010,1951,,2018/03/21,,,read,,,,1,,,0,,,,,
370493,The Giving Tree,Shel Silverstein,"Silverstein, Shel",,"=""0060256656""","=""9780060256654""",5,4.37,HarperCollins Publishers,Hardcover,64,1964,1964,,2018/03/21,,,read,,,,1,,,0,,,,,
136251,"Harry Potter and the Deathly Hallows (Harry Potter, #7)",J.K. Rowling,"Rowling, J.K.",,"=""0545010225""","=""9780545010221""",5,4.62,Arthur A. Levine Books / Scholastic Inc.,Hardcover,759,2007,2007,,2018/03/21,,,read,,,,1,,,0,,,,,
7624,Lord of the Flies,William Golding,"Golding, William",,"=""0140283331""","=""9780140283334""",5,3.68,Penguin Books ,Paperback,182,1999,1954,,2018/03/21,,,read,,,,1,,,0,,,,,
18135,Romeo and Juliet,William Shakespeare,"Shakespeare, William","Paavo Emil Cajander, Barbara A. Mowat, Paul Werstine","=""0743477111""","=""9780743477116""",4,3.75,Simon Schuster,Paperback,301,2004,1595,,2018/03/21,,,read,,,,1,,,0,,,,,
11127,"The Chronicles of Narnia (Chronicles of Narnia, #1-7)",C.S. Lewis,"Lewis, C.S.",Pauline Baynes,"=""""","=""""",5,4.26,HarperCollins,Paperback,767,2002,1956,,2018/03/21,,,read,,,,1,,,0,,,,,
33,"The Lord of the Rings (The Lord of the Rings, #1-3)",J.R.R. Tolkien,"Tolkien, J.R.R.",,"=""""","=""""",4,4.50,Houghton Mifflin Harcourt,Paperback,1216,2005,1955,,2018/03/21,,,read,,,,1,,,0,,,,,
4671,The Great Gatsby,F. Scott Fitzgerald,"Fitzgerald, F. Scott",Francis Scott Fitzgerald,"=""""","=""""",3,3.92,Scribner,Paperback,200,2004,1925,,2018/03/21,,,read,,,,1,,,0,,,,,
157993,The Little Prince,Antoine de Saint-Exupéry,"Saint-Exupéry, Antoine de","Richard Howard, Ivan Minatti, Nguyễn Thành Vũ, Janez Gradišnik","=""""","=""""",5,4.31,"Harcourt, Inc.",Paperback,93,2000,1943,,2018/03/21,,,read,,,,1,,,0,,,,,
7613,Animal Farm,George Orwell,"Orwell, George","Celâl Üster, Boris Grabnar, Peter Škerl","=""0452284244""","=""9780452284241""",4,3.94,NAL,Paperback,122,2003,1945,,2018/03/21,,,read,,,,1,,,0,,,,,
5470,1984,George Orwell,"Orwell, George",Erich Fromm,"=""""","=""""",4,4.18,New American Library,Mass Market Paperback,328,1950,1949,,2018/03/21,,,read,,,,1,,,0,,,,,
334123,"The Amulet of Samarkand (Bartimaeus, #1)",Jonathan Stroud,"Stroud, Jonathan",,"=""078681859X""","=""9780786818594""",5,4.01,Hyperion Books for Children,Hardcover,462,2003,2003,,2018/03/21,,,read,,,,1,,,0,,,,,
47587,"Dark Lord of Derkholm (Derkholm, #1)",Diana Wynne Jones,"Jones, Diana Wynne",,"=""0575075368""","=""9780575075368""",0,4.12,Gollancz,Paperback,328,2003,1998,,2018/03/21,to-read,to-read (#14),to-read,,,,0,,,0,,,,,
47613,"Mister Monday (The Keys to the Kingdom, #1)",Garth Nix,"Nix, Garth",,"=""0439856264""","=""9780439856263""",5,3.79,Scholastic,Paperback,384,2006,2003,,2018/03/21,,,read,,,,1,,,0,,,,,
21975925,"The Bassoon King: My Life in Art, Faith, and Idiocy",Rainn Wilson,"Wilson, Rainn",,"=""0525954538""","=""9780525954538""",0,3.63,Dutton,Hardcover,301,2015,2015,,2018/03/21,to-read,to-read (#13),to-read,,,,0,,,0,,,,,
18616975,"Off to Be the Wizard (Magic 2.0, #1)",Scott  Meyer,"Meyer, Scott",,"=""1612184715""","=""9781612184715""",0,3.99,47North,Paperback,373,2014,2013,,2018/03/21,to-read,to-read (#12),to-read,,,,0,,,0,,,,,
596260,Go Forward with Faith: The Biography of Gordon B. Hinckley,Sheri Dew,"Dew, Sheri",,"=""1573451657""","=""9781573451659""",0,4.56,Shadow Mountain,Hardcover,653,1996,1996,,2018/03/21,to-read,to-read (#11),to-read,,,,0,,,0,,,,,
283022,"The Squire's Tale (The Squire's Tales, #1)",Gerald Morris,"Morris, Gerald",,"=""0440228239""","=""9780440228233""",0,3.99,Laurel Leaf,Mass Market Paperback,212,2000,1998,,2018/03/21,to-read,to-read (#10),to-read,,,,0,,,0,,,,,
18667112,"The Copper Promise (The Copper Cat, #1)",Jen Williams,"Williams, Jen",,"=""1472211111""","=""9781472211118""",0,3.63,Headline Books,Paperback,535,2014,2014,,2018/03/21,to-read,to-read (#9),to-read,,,,0,,,0,,,,,
9969571,"Ready Player One (Ready Player One, #1)",Ernest Cline,"Cline, Ernest",,"=""030788743X""","=""9780307887436""",5,4.26,Crown Publishers,Hardcover,374,2011,2011,,2018/02/18,,,read,,,,1,,,0,,,,,
888628,"Neuromancer (Sprawl, #1)",William Gibson,"Gibson, William",Jack Womack,"=""""","=""""",0,3.90,Ace Books,Paperback,320,2000,1984,,2018/03/21,to-read,to-read (#8),to-read,,,,0,,,0,,,,,
6665847,"Daemon (Daemon, #1)",Daniel Suarez,"Suarez, Daniel",,"=""0451228731""","=""9780451228734""",0,4.15,Signet,Mass Market Paperback,632,2009,2006,,2018/03/21,to-read,to-read (#7),to-read,,,,0,,,0,,,,,
34002132,"Oathbringer (The Stormlight Archive, #3)",Brandon Sanderson,"Sanderson, Brandon",,"=""076532637X""","=""9780765326379""",5,4.61,Tor Books,Hardcover,1243,2017,2017,,2018/03/20,,,read,,,,1,,,0,,,,,
36186901,The Shepherd's Calculus,C.S. Farrelly,"Farrelly, C.S.",,"=""0998749303""","=""9780998749303""",0,3.97, Cavan Bridge Press,Paperback,272,2017,,,2018/03/15,to-read,to-read (#6),to-read,,,,0,,,0,,,,,
17214,Starship Troopers,Robert A. Heinlein,"Heinlein, Robert A.",,"=""0441783589""","=""9780441783588""",4,4.00,Ace Book,Mass Market Paperback,335,1987,1959,2018/03/15,2018/02/18,,,read,,,,2,,,0,,,,,
15751404,"David and Goliath: Underdogs, Misfits, and the Art of Battling Giants",Malcolm Gladwell,"Gladwell, Malcolm",,"=""0316204366""","=""9780316204361""",5,3.95,"Little, Brown and Company",Hardcover,305,2013,2013,,2018/03/15,,,read,,,,1,,,0,,,,,
25489625,Between the World and Me,Ta-Nehisi Coates,"Coates, Ta-Nehisi",,"=""0812993543""","=""9780812993547""",5,4.40,Spiegel & Grau,Hardcover,152,2015,2015,2018/01/01,2018/02/18,,,read,,,,1,,,0,,,,,
12432220,"The False Prince (The Ascendance Series, #1)",Jennifer A. Nielsen,"Nielsen, Jennifer A.",,"=""0545284139""","=""9780545284134""",5,4.21,"Scholastic, Inc.",Hardcover,342,2012,2012,2018/01/01,2018/03/06,,,read,,,,1,,,0,,,,,
9595620,"Hammered (The Iron Druid Chronicles, #3)",Kevin Hearne,"Hearne, Kevin",,"=""0345522486""","=""9780345522481""",5,4.21,Random House Publishing Group,Mass Market Paperback,312,2011,2011,2018/01/01,2018/02/24,,,read,,,,1,,,0,,,,,
1885,Pride and Prejudice,Jane Austen,"Austen, Jane",Anna Quindlen,"=""""","=""""",3,4.26,Modern Library,Paperback,279,2000,1813,2018/02/23,2018/02/23,,,read,,,,1,,,0,,,,,
227205,"Loose Balls: The Short, Wild Life of the American Basketball Association",Terry Pluto,"Pluto, Terry",,"=""0671749218""","=""9780671749217""",5,4.18,Fireside Books,Paperback,450,1991,1990,,2018/02/22,,,read,,,,1,,,0,,,,,
18739426,"The Bands of Mourning (Mistborn, #6)",Brandon Sanderson,"Sanderson, Brandon",,"=""""","=""""",5,4.43,Tor,Kindle Edition,448,2016,2016,2018/01/01,2018/02/18,,,read,,,,1,,,0,,,,,
16065004,"Shadows of Self (Mistborn, #5)",Brandon Sanderson,"Sanderson, Brandon",,"=""0765378558""","=""9780765378552""",5,4.30,Tor Books,Hardcover,383,2015,2015,2018/01/01,2018/02/18,,,read,,,,1,,,0,,,,,
35631386,The Undoing Project: A Friendship That Changed Our Minds,Michael   Lewis,"Lewis, Michael",,"=""0393354776""","=""9780393354775""",5,3.99,W. W. Norton  Company,Paperback,368,2017,2016,2018/01/01,2018/02/18,,,read,,,,1,,,0,,,,,
9595650,"Hexed (The Iron Druid Chronicles, #2)",Kevin Hearne,"Hearne, Kevin",,"=""0345522494""","=""9780345522498""",5,4.22,Del Rey,Mass Market Paperback,296,2011,2011,2018/01/01,2018/02/18,,,read,,,,1,,,0,,,,,
9533378,"Hounded (The Iron Druid Chronicles, #1)",Kevin Hearne,"Hearne, Kevin",,"=""0345522478""","=""9780345522474""",5,4.10,Del Rey,Mass Market Paperback,304,2011,2011,2018/01/01,2018/02/18,,,read,,,,1,,,0,,,,,
3228917,Outliers: The Story of Success,Malcolm Gladwell,"Gladwell, Malcolm",,"=""0316017922""","=""9780316017923""",5,4.16,"Little, Brown and Company",Hardcover,309,2008,2008,2018/01/01,2018/02/18,,,read,,,,1,,,0,,,,,
448873,"The Thief (The Queen's Thief, #1)",Megan Whalen Turner,"Turner, Megan Whalen",,"=""0060824972""","=""9780060824976""",5,3.87,Greenwillow Books,Paperback,280,2005,1996,2018/01/01,2018/02/18,,,read,,,,1,,,0,,,,,
10538,The Life and Times of the Thunderbolt Kid,Bill Bryson,"Bryson, Bill",Goran Skrobonja,"=""076791936X""","=""9780767919364""",4,3.94,Broadway Books,Hardcover,288,2006,2006,2018/01/01,2018/02/18,,,read,,,,1,,,0,,,,,
60400,"The Ruins of Gorlan (Ranger's Apprentice, #1)",John Flanagan,"Flanagan, John",,"=""0142406635""","=""9780142406632""",5,4.22,Puffin Books,Paperback,249,2006,2004,,2018/02/18,,,read,,,,1,,,0,,,,,
68427,"Elantris (Elantris, #1)",Brandon Sanderson,"Sanderson, Brandon",,"=""0765350378""","=""9780765350374""",5,4.18,Tor Fantasy,Mass Market Paperback,638,2006,2005,,2018/02/18,,,read,,,,1,,,0,,,,,
8306745,"A World Without Heroes (Beyonders, #1)",Brandon Mull,"Mull, Brandon",,"=""141699792X""","=""9781416997924""",0,4.10,Aladdin,Hardcover,457,2011,2011,,2018/02/18,to-read,to-read (#5),to-read,,,,0,,,0,,,,,
113436,"Eragon (The Inheritance Cycle, #1)",Christopher Paolini,"Paolini, Christopher",,"=""0375826696""","=""9780375826696""",5,3.90,Alfred A. Knopf,Paperback,503,2005,2002,,2018/02/18,,,read,,,,1,,,0,,,,,
28187,"The Lightning Thief (Percy Jackson and the Olympians, #1)",Rick Riordan,"Riordan, Rick",,"=""0786838655""","=""9780786838653""",5,4.25,Disney Hyperion Books,Paperback,375,2006,2005,,2018/02/18,,,read,,,,1,,,0,,,,,
1301,Moneyball: The Art of Winning an Unfair Game,Michael   Lewis,"Lewis, Michael",,"=""0393324818""","=""9780393324815""",5,4.26,W. W. Norton  Company,Paperback,317,2004,2003,,2018/02/18,,,read,,,,1,,,0,,,,,
817791,The Blind Side,Michael   Lewis,"Lewis, Michael",,"=""0393330478""","=""9780393330472""",5,4.17,W. W. Norton & Company,Paperback,339,2007,2006,,2018/02/18,,,read,,,,1,,,0,,,,,
31287693,Dragon Teeth,Michael Crichton,"Crichton, Michael",,"=""0008173060""","=""9780008173067""",0,3.78,HarperCollins Publishers,Hardcover,295,2017,2017,,2018/02/18,to-read,to-read (#4),to-read,,,,0,,,0,,,,,
2493,The Time Machine,H.G. Wells,"Wells, H.G.","Carlo Pagetti, Greg Bear","=""""","=""""",4,3.89,Signet Classics,Paperback,118,2002,1895,,2018/02/18,,,read,,,,1,,,0,,,,,
48855,The Diary of a Young Girl,Anne Frank,"Frank, Anne","Eleanor Roosevelt, B.M. Mooyaart-Doubleday","=""""","=""""",4,4.15,Bantam,Mass Market Paperback,283,1993,1947,,2018/02/18,,,read,,,,1,,,0,,,,,
23453112,Modern Romance,Aziz Ansari,"Ansari, Aziz",Eric Klinenberg,"=""1594206279""","=""9781594206276""",5,3.82,Penguin Press,Hardcover,279,2015,2015,,2018/02/18,,,read,,,,1,,,0,,,,,
706,America (The Book): A Citizen's Guide to Democracy Inaction,Jon   Stewart,"Stewart, Jon","Ben Karlin, David Javerbaum, Rich Bloomquist, Steve Bodow, Tim Carvell, Eric Drysdale, J.R. Havlan, Scott Jacobson, Tom Johnson, Rob Kutner, Chris Regan, Jason Reich, Jason Ross, Stephen Colbert, Samantha Bee, Rob Corddry, Brendan Hay, Ed Helms","=""0713998946""","=""9780713998948""",0,4.01,Allen Lane,Hardcover,228,2004,2004,,2018/02/18,to-read,to-read (#3),to-read,,,,0,,,0,,,,,
386162,"The Hitchhiker's Guide to the Galaxy (Hitchhiker's Guide to the Galaxy, #1)",Douglas Adams,"Adams, Douglas",,"=""""","=""""",5,4.22,Del Rey,Paperback,193,2007,1979,,2018/02/18,,,read,,,,1,,,0,,,,,
77203,The Kite Runner,Khaled Hosseini,"Hosseini, Khaled",Berliani M. Nugrahani,"=""""","=""""",5,4.30,Riverhead Books,Paperback,371,2004,2003,,2018/02/18,,,read,,,,1,,,0,,,,,
2657,To Kill a Mockingbird,Harper Lee,"Lee, Harper",,"=""""","=""""",5,4.28,Harper Perennial Modern Classics,Paperback,324,2006,1960,,2018/02/18,,,read,,,,1,,,0,,,,,
4667024,The Help,Kathryn Stockett,"Stockett, Kathryn",,"=""""","=""""",0,4.47,Amy Einhorn Books/G.P. Putnam's Sons,Hardcover,451,2009,2009,,2018/02/18,to-read,to-read (#2),to-read,,,,0,,,0,,,,,
6294,"Howl's Moving Castle (Howl's Moving Castle, #1)",Diana Wynne Jones,"Jones, Diana Wynne",,"=""006441034X""","=""9780064410342""",4,4.27,Harper Trophy,Mass Market Paperback,329,2001,1986,,2018/02/18,,,read,,,,1,,,0,,,,,
2767052,"The Hunger Games (The Hunger Games, #1)",Suzanne Collins,"Collins, Suzanne",,"=""0439023483""","=""9780439023481""",5,4.33,Scholastic Press,Hardcover,374,2008,2008,,2018/02/18,,,read,,,,1,,,0,,,,,
228665,"The Eye of the World (The Wheel of Time, #1)",Robert Jordan,"Jordan, Robert",,"=""0812511816""","=""9780812511819""",5,4.18,Tor Books,Mass Market Paperback,814,1990,1990,,2018/02/18,,,read,,,,1,,,0,,,,,
7980,"Pearls of Lutra (Redwall, #9)",Brian Jacques,"Jacques, Brian",,"=""0142401447""","=""9780142401446""",5,4.00,Firebird,Paperback,408,2004,1996,,2018/02/18,,,read,,,,1,,,0,,,,,
1729146,"Raven Rise (Pendragon, #9)",D.J. MacHale,"MacHale, D.J.",,"=""1416914188""","=""9781416914181""",5,4.19,Simon & Schuster Books for Young Readers,Hardcover,544,2008,2008,,2018/02/18,,,read,,,,1,,,0,,,,,
784911,"Rise of the Evening Star (Fablehaven, #2)",Brandon Mull,"Mull, Brandon",,"=""1590387422""","=""9781590387429""",0,4.15,Shadow Mountain,Hardcover,456,2007,2007,,2018/02/18,to-read,to-read (#1),to-read,,,,0,,,0,,,,,
37586,The Lost Colony (Artemis Fowl #5),Eoin Colfer,"Colfer, Eoin",,"=""""","=""""",5,4.00,Miramax Books/Hyperion Books for Children,Hardcover,385,2006,2006,,2018/02/18,,,read,,,,1,,,0,,,,,
12127750,"The Mark of Athena (The Heroes of Olympus, #3)",Rick Riordan,"Riordan, Rick",,"=""1423140605""","=""9781423140603""",5,4.46,Disney-Hyperion Books,Hardcover,586,2012,2012,,2018/02/18,,,read,,,,1,,,0,,,,,
66695,"Sojourn (Forgotten Realms: The Dark Elf Trilogy, #3; Legend of Drizzt, #3)",R.A. Salvatore,"Salvatore, R.A.",,"=""1560760478""","=""9781560760474""",5,4.21,Wizards of the Coast,Mass Market Paperback,309,1999,1991,,2018/02/18,,,read,,,,1,,,0,,,,,
34,"The Fellowship of the Ring (The Lord of the Rings, #1)",J.R.R. Tolkien,"Tolkien, J.R.R.",,"=""0618346252""","=""9780618346257""",4,4.36,Houghton Mifflin Harcourt,Paperback,398,2003,1954,,2018/02/18,,,read,,,,1,,,0,,,,,
3,"Harry Potter and the Sorcerer's Stone (Harry Potter, #1)",J.K. Rowling,"Rowling, J.K.",Mary GrandPré,"=""""","=""""",5,4.47,Scholastic Inc,Hardcover,309,2003,1997,,2018/02/18,,,read,,,,1,,,0,,,,,
